family,topology,num_qubits,diameter,avg_shortest_path,max_degree,graph_distance,swap_count,cx_count,depth,depth_2q,fidelity_noisy,shots,seed,method
heavy-hex,heavy-hex-21,21,10,4.486,3,10,9,1,7,6,0.895,1000,42,stabilizer
heavy-hex,heavy-hex-35,35,14,5.671,3,14,13,1,8,8,0.857,1000,42,stabilizer
heavy-hex,heavy-hex-63,63,18,7.767,3,18,17,1,11,11,0.8675,1000,42,stabilizer
heavy-hex,heavy-hex-106,106,22,9.931,3,22,21,1,14,14,0.8335,1000,42,stabilizer
heavy-hex,heavy-hex-127,127,26,11.132,3,26,25,1,17,17,0.814,1000,42,stabilizer
hyperbolic,hyperbolic-20,20,7,3.437,3,7,6,1,6,5,0.898,1000,42,stabilizer
hyperbolic,hyperbolic-43,43,11,4.98,3,11,10,1,7,6,0.883,1000,42,stabilizer
hyperbolic,hyperbolic-61,61,11,5.708,3,11,10,1,7,6,0.883,1000,42,stabilizer
hyperbolic,hyperbolic-152,152,16,8.35,3,16,15,1,10,10,0.868,1000,42,stabilizer
grid,grid-4x5,20,7,3.0,4,7,6,1,6,5,0.898,1000,42,stabilizer
grid,grid-6x7,42,11,4.333,4,11,10,1,7,6,0.883,1000,42,stabilizer
grid,grid-8x8,64,14,5.333,4,14,13,1,8,8,0.857,1000,42,stabilizer
grid,grid-10x10,100,18,6.667,4,18,17,1,11,11,0.8675,1000,42,stabilizer
