topology,condition,seeds,shots,swap_count,fidelity_mean,fidelity_std,yield_mean,yield_std
t-shape,ideal,6,2000,2,1.0,0.0,1.0,0.0
t-shape,noisy,6,2000,2,0.9236,0.0056,1.0,0.0
t-shape,protected,6,2000,3,0.9358,0.0008,0.9135,0.0001
heavy-hex-127,ideal,6,2000,25,1.0,0.0,1.0,0.0
heavy-hex-127,noisy,6,2000,25,0.8194,0.0016,1.0,0.0
heavy-hex-127,protected,6,2000,30,0.9344,0.0003,0.7942,0.0003
hyperbolic-20,ideal,6,2000,6,1.0,0.0,1.0,0.0
hyperbolic-20,noisy,6,2000,6,0.9046,0.0032,1.0,0.0
hyperbolic-20,protected,6,2000,7,0.9255,0.0009,0.8912,0.0002
