topology,condition,num_qubits,bell_pair,graph_distance,swap_count,cx_count,depth,depth_2q,added_swap_count,added_cx_count,added_depth,added_depth_2q,xx,yy,zz,fidelity,yield,shots,seed,noise,required
t-shape,ideal,5,"[0, 4]",3,2,1,3,2,0,0,0,0,1.0,-1.0,1.0,1.0,1.0,2000,42,,True
t-shape,noisy,5,"[0, 4]",3,2,1,3,2,0,0,0,0,0.888,-0.899,0.894,0.9203,1.0,2000,42,"{'p1': 0.001, 'p2': 0.01, 'readout': 0.02}",True
t-shape,protected,5,"[0, 4]",3,3,5,13,7,1,4,10,5,0.9123,-0.9123,0.9115,0.934,0.9133,2000,42,"{'p1': 0.001, 'p2': 0.01, 'readout': 0.02}",True
heavy-hex-127,ideal,127,"[0, 126]",26,25,1,17,17,0,0,0,0,1.0,-1.0,1.0,1.0,1.0,2000,42,,True
heavy-hex-127,noisy,127,"[0, 126]",26,25,1,17,17,0,0,0,0,0.817,-0.698,0.766,0.8202,1.0,2000,42,"{'p1': 0.001, 'p2': 0.01, 'readout': 0.02}",True
heavy-hex-127,protected,127,"[0, 126]",26,30,5,31,26,5,4,14,9,0.9297,-0.9021,0.9026,0.9336,0.7948,2000,42,"{'p1': 0.001, 'p2': 0.01, 'readout': 0.02}",True
hyperbolic-20,ideal,20,"[9, 18]",7,6,1,6,5,0,0,0,0,1.0,-1.0,1.0,1.0,1.0,2000,42,,True
hyperbolic-20,noisy,20,"[9, 18]",7,6,1,6,5,0,0,0,0,0.871,-0.868,0.891,0.9075,1.0,2000,42,"{'p1': 0.001, 'p2': 0.01, 'readout': 0.02}",True
hyperbolic-20,protected,20,"[9, 18]",7,7,5,15,9,1,4,9,4,0.9078,-0.901,0.9016,0.9276,0.8907,2000,42,"{'p1': 0.001, 'p2': 0.01, 'readout': 0.02}",True
heavy-hex-21,ideal,21,"[0, 9]",10,9,1,7,6,0,0,0,0,1.0,-1.0,1.0,1.0,1.0,2000,42,,False
heavy-hex-21,noisy,21,"[0, 9]",10,9,1,7,6,0,0,0,0,0.866,-0.834,0.875,0.8938,1.0,2000,42,"{'p1': 0.001, 'p2': 0.01, 'readout': 0.02}",False
heavy-hex-21,protected,21,"[0, 9]",10,10,5,18,13,1,4,11,7,0.8905,-0.8997,0.893,0.9208,0.8807,2000,42,"{'p1': 0.001, 'p2': 0.01, 'readout': 0.02}",False
